id,name,host_id,host_name,neighbourhood_group,neighbourhood,latitude,longitude,room_type,price,minimum_nights,number_of_reviews,last_review,reviews_per_month,calculated_host_listings_count,availability_365,number_of_reviews_ltm,license
1276863,Luxury Waterfront Apartment,6949940,Beata,,Ward E (councilmember James Solomon),40.7136,-74.03538,Entire home/apt,,60,145,2019-09-13,0.97,1,276,0,
3674016,Downtown loft - steps to NYC! Downtown Jersey City,318287,Cindy,,Ward E (councilmember James Solomon),40.72728,-74.0408,Entire home/apt,,29,164,2024-01-01,1.21,3,0,0,
5851973,Furnished Room+ BATH  close to NYC train,30374905,Sam,,Ward C (councilmember Richard Boggiano),40.73603,-74.05395,Private room,,28,54,2024-12-27,0.49,2,0,8,
8240035,Spacious 2 Bedroom Apartment in Brick Row House,43454019,Mark,,Ward D (councilmember Michael Yun),40.74496,-74.0597,Entire home/apt,,2,317,2025-08-29,2.63,1,0,15,STR-005462-2024
10263992,Plush 1BR Near Statue of Liberty,30283594,Global Luxury Suites,,Ward E (councilmember James Solomon),40.72501,-74.03612,Entire home/apt,,28,3,2025-08-16,0.03,37,364,1,
10264196,Spacious 1BR | Work desk | Gym+Rooftop | JC by GLS,30283594,Global Luxury Suites,,Ward E (councilmember James Solomon),40.72371,-74.03699,Entire home/apt,,28,12,2025-04-25,0.11,37,364,1,
10264615,Bright+Spacious 1BR | Work Desk + WiFi | Near PATH,30283594,Global Luxury Suites,,Ward E (councilmember James Solomon),40.724545,-74.03591,Entire home/apt,,28,2,2020-01-19,0.03,37,364,0,
10264857,Spacious 1BR |  Work from Home| Jersey City by GLS,30283594,Global Luxury Suites,,Ward E (councilmember James Solomon),40.724545,-74.03591,Entire home/apt,,28,2,2020-06-11,0.02,37,359,0,
10360336,Modern 1BR | WiFi+Business Center | Near Path |GLS,30283594,Global Luxury Suites,,Ward E (councilmember James Solomon),40.724545,-74.03591,Entire home/apt,,28,5,2020-02-02,0.05,37,359,0,
10361564,Private&Clean 1BR | Workspace | Jersey City by GLS,30283594,Global Luxury Suites,,Ward E (councilmember James Solomon),40.724545,-74.03591,Entire home/apt,,28,7,2020-08-30,0.06,37,364,0,
10362044,Modern Newport 1BR | Full Kitchen | Work Desk| GLS,30283594,Global Luxury Suites,,Ward E (councilmember James Solomon),40.724545,-74.03591,Entire home/apt,,28,1,2017-12-29,0.01,37,364,0,
10377069,Mins to NYC | Jersey City 1BR w/ Pool & Playground,30283594,Global Luxury Suites,,Ward E (councilmember James Solomon),40.724545,-74.03591,Entire home/apt,,28,1,2016-06-17,0.01,37,364,0,
10379027,Pool & Full Gym | Furnished 2BR w W/D | nr NYC,30283594,Global Luxury Suites,,Ward E (councilmember James Solomon),40.724545,-74.03591,Entire home/apt,,28,1,2019-11-04,0.01,37,364,0,
10382107,Homey 1BR with Beautiful Views,30283594,Global Luxury Suites,,Ward E (councilmember James Solomon),40.724545,-74.03591,Entire home/apt,,28,2,2019-08-22,0.02,37,359,0,
10383764,Perfect for Families! Petfriendly 2BR nr Hudson R.,30283594,Global Luxury Suites,,Ward E (councilmember James Solomon),40.724545,-74.03591,Entire home/apt,,28,2,2019-08-31,0.02,37,364,0,
10384214,Private 2BR | Work from home | Jersey City by GLS,30283594,Global Luxury Suites,,Ward E (councilmember James Solomon),40.724545,-74.03591,Entire home/apt,,28,11,2021-12-03,0.1,37,362,0,
10384889,Spacious 2BR Apt | Full Kitchen | Laundry | Gym,30283594,Global Luxury Suites,,Ward E (councilmember James Solomon),40.724545,-74.03591,Entire home/apt,,28,1,2018-12-31,0.01,37,364,0,
10385587,Plush 2BR in Jersey City,30283594,Global Luxury Suites,,Ward E (councilmember James Solomon),40.724545,-74.03591,Entire home/apt,,28,1,2020-01-26,0.01,37,364,0,
10385819,Spacious 2BR | Work Desk + W/D| Jersey City by GLS,30283594,Global Luxury Suites,,Ward E (councilmember James Solomon),40.724545,-74.03591,Entire home/apt,,28,25,2022-01-08,0.24,37,364,0,
10429121,Spacious 1BR | Gym |  Downtown JC Newport | by GLS,30283594,Global Luxury Suites,,Ward E (councilmember James Solomon),40.724545,-74.03591,Entire home/apt,,28,3,2019-12-20,0.03,37,359,0,
10430238,Comfort 1BR in Jersey City + Nice Views,30283594,Global Luxury Suites,,Ward E (councilmember James Solomon),40.724545,-74.03591,Entire home/apt,,28,4,2020-02-16,0.06,37,359,0,
10989968,Lux 1BR Downtown Jersey City,30283594,Global Luxury Suites,,Ward E (councilmember James Solomon),40.724545,-74.03591,Entire home/apt,,28,1,2020-03-24,0.01,37,364,0,
10991109,Spacious & Private 2BR | Downtown Jersey City,30283594,Global Luxury Suites,,Ward E (councilmember James Solomon),40.724545,-74.03591,Entire home/apt,,28,5,2020-10-27,0.06,37,362,0,
11144719,"Pool, Gym & More! 1BR ✰ Steps to PATH, Ferry",30283594,Global Luxury Suites,,Ward E (councilmember James Solomon),40.724545,-74.03591,Entire home/apt,,28,2,2021-02-14,0.03,37,359,0,
14023614,Beautiful Studio | Equipped Kitchen+Work Desk | JC,30283594,Global Luxury Suites,,Ward E (councilmember James Solomon),40.721886,-74.036446,Entire home/apt,,28,8,2020-10-18,0.07,37,364,0,
15132128,Furnished BED+BATH close to NYC on train,30374905,Sam,,Ward C (councilmember Richard Boggiano),40.73715,-74.05481,Private room,,28,21,2025-01-23,0.19,2,0,5,
15157180,Spacious& Bright 1BR in Jersey City| Mins to NYC,30283594,Global Luxury Suites,,Ward E (councilmember James Solomon),40.721886,-74.036446,Entire home/apt,,28,14,2023-01-16,0.13,37,364,0,
15159153,Bright + Spacious 1BR | Work Desk&WiFi | Near PATH,30283594,Global Luxury Suites,,Ward E (councilmember James Solomon),40.721886,-74.036446,Entire home/apt,,28,12,2020-09-23,0.11,37,364,0,
15159490,Beautiful 1BR | Kitchen | Jersey City by GLS,30283594,Global Luxury Suites,,Ward E (councilmember James Solomon),40.721886,-74.036446,Entire home/apt,,28,4,2025-08-28,0.05,37,364,1,
15161132,Lux Studio | Great for Travel Nurses | Near PATH,30283594,Global Luxury Suites,,Ward E (councilmember James Solomon),40.721886,-74.036446,Entire home/apt,,28,6,2020-11-14,0.09,37,364,0,
15495642,Modern Jersey City 2BR| Work Desk + WiFi |Newport,95459395,Bluebird,,Ward E (councilmember James Solomon),40.724545,-74.035912,Entire home/apt,,28,7,2023-12-28,0.11,10,362,0,
15535413,5 min walk Grove PATH/JCMed Ctr - Bargain Location,46201,J,,Ward E (councilmember James Solomon),40.71765,-74.044,Private room,,28,77,2025-03-25,0.71,2,0,2,
16039551,JC-Grove St Easy commute to NYC or JCMC-5 min walk,46201,J,,Ward E (councilmember James Solomon),40.71647,-74.04622,Private room,,28,94,2025-02-21,0.91,2,0,20,
18388155,Luxury JC 1BR | Work from home | Free WiFi + Desk,95459395,Bluebird,,Ward E (councilmember James Solomon),40.724545,-74.035912,Entire home/apt,,28,2,2020-09-12,0.02,10,364,0,
18444319,Beautiful Newport 2BR | Upscale Amenities w/ Gym,95459395,Bluebird,,Ward E (councilmember James Solomon),40.724545,-74.035912,Entire home/apt,,28,1,2021-12-20,0.02,10,364,0,
18584159,"Sunny, spacious apt - steps to NYC! Downtown JC",318287,Cindy,,Ward E (councilmember James Solomon),40.72955,-74.04197,Entire home/apt,,28,117,2025-03-13,1.15,3,210,5,
19412223,Large studio w/workspace & garden-2 stops to NYC,49528044,Hiran H,,Ward E (councilmember James Solomon),40.7236328125,-74.04303741455078,Entire home/apt,,3,208,2025-05-14,2.08,1,0,20,STR-003147-2024
19451087,Beautiful Jersey City 2BR | Upscale Amenities |GLS,30283594,Global Luxury Suites,,Ward E (councilmember James Solomon),40.724545,-74.03591,Entire home/apt,,28,2,2020-02-12,0.03,37,362,0,
20477673,Gorgeous private bedroom close to NYC and Hoboken,145796552,Diyan,,Ward D (councilmember Michael Yun),40.74815,-74.0511,Private room,,1,93,2024-10-11,0.95,5,0,1,STR-006046-2024
20494048,Spacious Studio/Downtown Jersey City/10min to NYC,174355,Geraldine,,Ward E (councilmember James Solomon),40.72639,-74.04156,Entire home/apt,,3,267,2025-09-01,2.72,1,1,33,STR-003404-2024
21826420,Exclusive 2BR |J.C. +Pool & Gym!Close to Hospitals,95459395,Bluebird,,Ward E (councilmember James Solomon),40.724545,-74.035912,Entire home/apt,,28,1,2018-12-17,0.01,10,362,0,
21858483,Spacious JC 2BR | Amenities | Family Friendly,95459395,Bluebird,,Ward E (councilmember James Solomon),40.724545,-74.035912,Entire home/apt,,28,3,2020-07-14,0.04,10,364,0,
21861598,Modern 1BR | Kitchen | JC Hudson Riverfront | GLS,95459395,Bluebird,,Ward E (councilmember James Solomon),40.724545,-74.035912,Entire home/apt,,28,4,2020-09-06,0.05,10,364,0,
21863860,"Beautiful Jersey City 1BR w/ Desk, steps to PATH",95459395,Bluebird,,Ward E (councilmember James Solomon),40.724545,-74.035912,Entire home/apt,,28,1,2019-10-13,0.01,10,364,0,
21865313,"Contemporary 1BR w/ Gym, Kitchen, Linens/Towels",95459395,Bluebird,,Ward E (councilmember James Solomon),40.724545,-74.035912,Entire home/apt,,28,2,2019-10-03,0.03,10,364,0,
21877277,Spacious 1BR | Family Friendly | Steps to PATH,95459395,Bluebird,,Ward E (councilmember James Solomon),40.724545,-74.035912,Entire home/apt,,28,5,2020-12-24,0.07,10,359,0,
23752956,Big Bright room New House WiFi minutes to NY,1410306,Eugene,,Ward D (councilmember Michael Yun),40.74935,-74.04983,Private room,,28,45,2025-03-21,0.49,30,0,1,STR-007644-2024
23872195,"Modern Apt, dwntwn JC 8mins to NYC (APT 3)",21009089,Vanessa,,Ward E (councilmember James Solomon),40.72499,-74.04518,Entire home/apt,,2,325,2025-07-24,3.56,2,0,33,STR-000554-2024
25214391,Historic Downtown JC 2 bed/2 bath,318287,Cindy,,Ward E (councilmember James Solomon),40.72926,-74.04249,Entire home/apt,,29,33,2024-04-13,0.37,3,0,0,
26231740,Private room by Light Rail stop min to NYc WIFI,1410306,Eugene,,Ward F (councilmember Jermaine D. Robinson),40.71266,-74.07855,Private room,,28,44,2025-06-30,0.5,30,27,4,
27262062,Million Dollar View Private Suite Self Contained,205350079,Philip,,Ward D (councilmember Michael Yun),40.75029,-74.03999,Private room,,2,302,2025-09-18,3.48,1,2,57,STR-2024-03772
27785634,"Cozy Apt Dwntwn JC, 8 mins to NYC(APT 2)",21009089,Vanessa,,Ward E (councilmember James Solomon),40.72467,-74.04415,Entire home/apt,,2,242,2025-07-23,2.81,2,0,27,STR-000553-2024
29283523,Message me before booking!,215597619,Capri,,Ward C (councilmember Richard Boggiano),40.73201,-74.06834,Entire home/apt,,30,17,2023-01-01,0.2,3,57,0,
29675980,Stylish & Clean Room near NYC!* Long term,2549076,Miz,,Ward D (councilmember Michael Yun),40.74974,-74.05886,Private room,,30,68,2025-05-03,0.81,9,0,1,
35840715,"Oasis On The Hill Laundry, bus & train",164162478,Evans,,Ward A (councilmember Denise Ridley),40.70316,-74.08683,Entire home/apt,,28,14,2025-08-31,0.23,2,5,2,
36112856,Stylish & Cute Room* Quick ride to NYC*,2549076,Miz,,Ward D (councilmember Michael Yun),40.74631,-74.0494,Private room,,60,7,2024-05-23,0.09,9,52,0,
37945496,Spacious duplex  with chef's kitchen and parking.,255426939,Dennis,,Ward A (councilmember Denise Ridley),40.70616,-74.09201,Entire home/apt,,28,87,2023-12-24,1.18,1,293,0,
38893792,Jersey City Modern 1BR | Work from Home | NJ,30283594,Global Luxury Suites,,Ward E (councilmember James Solomon),40.724545,-74.03591,Entire home/apt,,28,10,2021-09-30,0.14,37,364,0,
38893817,Modern & Clean | Work Remote | Jersey City by GLS,30283594,Global Luxury Suites,,Ward E (councilmember James Solomon),40.724545,-74.03591,Entire home/apt,,28,28,2024-06-25,0.4,37,359,0,
38893845,Spacious 2BR | Travel Nurse Friendly|Steps to PATH,30283594,Global Luxury Suites,,Ward E (councilmember James Solomon),40.724545,-74.03591,Entire home/apt,,28,7,2020-06-21,0.1,37,364,0,
38893880,Clean 2BR | Work Desk + WiFi | Jersey City by GLS,30283594,Global Luxury Suites,,Ward E (councilmember James Solomon),40.724545,-74.03591,Entire home/apt,,28,27,2021-05-01,0.39,37,362,0,
38893984,"Modern & Clean 2BR | W/D |Easy Access to PATH, NYC",30283594,Global Luxury Suites,,Ward E (councilmember James Solomon),40.724545,-74.03591,Entire home/apt,,28,14,2022-05-04,0.2,37,362,0,
38894011,Spacious 2BR nr Hudson River | Commute to NYC,30283594,Global Luxury Suites,,Ward E (councilmember James Solomon),40.724545,-74.03591,Entire home/apt,,28,3,2020-02-29,0.04,37,364,0,
38894038,River Views! Luxury 2BR w/ Pool & Playground,30283594,Global Luxury Suites,,Ward E (councilmember James Solomon),40.724545,-74.03591,Entire home/apt,,28,5,2020-02-23,0.07,37,362,0,
38894067,Travel Nurse Friendly 2BR |W/D| Jersey City by GLS,30283594,Global Luxury Suites,,Ward E (councilmember James Solomon),40.724545,-74.03591,Entire home/apt,,28,7,2021-06-24,0.1,37,362,0,
38894116,Chic 2BR Condo w Amenities Steps from Transit,30283594,Global Luxury Suites,,Ward E (councilmember James Solomon),40.724545,-74.03591,Entire home/apt,,28,4,2023-01-28,0.06,37,55,0,
38955850,"1BDRM Garden Apt - Parking, 4 Blocks To Grove PATH",155640971,Lisa,,Ward E (councilmember James Solomon),40.72331,-74.04829,Entire home/apt,,29,50,2025-09-11,0.69,2,112,8,
43015524,Gaby’s place 2,140526192,Geyby,,Ward B (councilmember Mira Prinz-Arey),40.71929,-74.07921,Private room,,28,28,2025-03-19,0.42,3,0,14,
43496148,Modern 1BR Apt | Pool | Perfect for Travel Nurses,30283594,Global Luxury Suites,,Ward E (councilmember James Solomon),40.724545,-74.03591,Entire home/apt,,28,2,2020-12-05,0.03,37,359,0,
43496231,Charming 1BR | Steps from PATH/ Easy Access to NYC,30283594,Global Luxury Suites,,Ward E (councilmember James Solomon),40.724545,-74.03591,Entire home/apt,,28,1,2020-11-30,0.02,37,364,0,
45609107,"3 Bed 2 Bath near PATH train-NYC, Parking",368645108,Ryan,,Ward C (councilmember Richard Boggiano),40.72669,-74.05919,Entire home/apt,,28,86,2025-01-20,1.47,2,0,15,
45805471,"4 BR , 2 baths. Parking. 20min to NYC",50155547,Edwin,,Ward F (councilmember Jermaine D. Robinson),40.71768857560994,-74.07549843862425,Entire home/apt,,3,62,2025-09-08,1.06,2,68,15,STR-005462-2025
46143648,The Bergen,255326838,Anthony,,Ward B (councilmember Mira Prinz-Arey),40.71737,-74.078,Entire home/apt,,28,63,2023-07-30,1.06,2,267,0,Exempt
47111933,Spacious 2 BD/ 2 BA- Minutes to NYC!,319005137,Robert,,Ward E (councilmember James Solomon),40.72468,-74.04659,Entire home/apt,,3,6,2024-09-23,0.12,32,0,0,STR-004619-2024
49590304,Spacious Jersey City apt with private balcony,20222147,Phyl,,Ward F (councilmember Jermaine D. Robinson),40.7091,-74.07621,Entire home/apt,,28,29,2025-05-21,0.57,1,0,3,Exempt
49738116,Huge And Cozy Room For Long-term Rent,274604030,Mario,,Ward D (councilmember Michael Yun),40.75693,-74.05158,Private room,,58,6,2025-07-24,0.21,18,0,1,
51086394,Modern and Comfortable 1 Bedroom Garden Apartment,23500331,Pilar,,Ward F (councilmember Jermaine D. Robinson),40.71312,-74.05988,Entire home/apt,,3,30,2025-08-18,0.8,2,0,1,STR-003476-2024
52383027,"Jersey City, 2BR Apt B, 8 mins to NYC",424000645,Lam,,Ward E (councilmember James Solomon),40.71807,-74.04263,Entire home/apt,,30,14,2024-10-07,0.3,5,0,1,
52469017,Jersey City Apt Pal-1A 30 mins to NYC,424000645,Lam,,Ward D (councilmember Michael Yun),40.741,-74.04491,Entire home/apt,,30,15,2024-07-03,0.32,5,0,0,
52469062,Jersey City 1.5BR Apt A 8 mins to NYC,424000645,Lam,,Ward E (councilmember James Solomon),40.718552,-74.042931,Entire home/apt,,30,20,2024-11-12,0.44,5,0,1,
52469947,"Jersey City, 2BR Apt C, 8 mins to NYC",424000645,Lam,,Ward E (councilmember James Solomon),40.71936,-74.04216,Entire home/apt,,30,12,2024-07-17,0.26,5,0,0,
53396821,"Oasis on the Hill #2 Free Laundry, bus & train",164162478,Evans,,Ward F (councilmember Jermaine D. Robinson),40.70307,-74.08592,Entire home/apt,,28,14,2025-08-17,0.31,2,9,5,
53680280,Lux Brownstone-  4Bed  1.5 Bath Top BnB in NJ,319005137,Robert,,Ward E (councilmember James Solomon),40.72855,-74.04399,Entire home/apt,,365,79,2024-11-28,1.73,32,141,7,STR-004619-2024
53972219,Gaby’s place,140526192,Geyby,,Ward B (councilmember Mira Prinz-Arey),40.71766,-74.08029,Private room,,28,38,2024-09-21,0.85,3,0,0,
54142070,Big 5-bdr Apt Unit w Free Parking on Premises!!,274604030,Mario,,Ward D (councilmember Michael Yun),40.74979,-74.04986,Entire home/apt,,28,3,2023-05-31,0.07,18,0,0,
54196234,Loft apartment- Jersey City,120008450,Jason,,Ward F (councilmember Jermaine D. Robinson),40.71577,-74.06397,Entire home/apt,,28,2,2022-05-08,0.05,1,0,0,
562539393727189174,Contemporary Jersey City Abode ~ 5 Mi to NYC!,121680792,Evolve,,Ward B (councilmember Mira Prinz-Arey),40.72422,-74.07016,Entire home/apt,,30,1,2022-07-01,0.03,8,1,0,
614308526652803171,Lovely 1 Bedroom Condo 20 min from NYC,264569,Lulu,,Ward B (councilmember Mira Prinz-Arey),40.73148,-74.07408,Entire home/apt,,28,150,2025-02-20,4.19,1,0,19,
618827430359218278,Adorable 3 bedroom 2 bath close to NYC,446540214,Vantisha,,Ward F (councilmember Jermaine D. Robinson),40.70619,-74.08088,Entire home/apt,,28,74,2025-08-29,1.82,1,207,11,
629559496008536251,Glamorous Jersey City Private Apt >NYC15mins>,435923538,Be My Guest Overnight LLC,,Ward F (councilmember Jermaine D. Robinson),40.70602,-74.07529,Entire home/apt,,28,56,2025-01-01,1.37,1,0,5,
666614394387861658,Modern & Clean 4-Bedroom in Jersey City Heights,2549076,Miz,,Ward C (councilmember Richard Boggiano),40.74143,-74.04945,Entire home/apt,,28,7,2024-05-20,0.19,9,0,0,
669460604913620410,Cozy cool room with queen size bed,98240103,Julio,,Ward A (councilmember Denise Ridley),40.68943,-74.09795,Private room,,28,27,2025-01-26,0.71,24,94,3,
682596351784042218,Beautiful 4 Bedroom / 1.5 Bath Brownstone in JC,319005137,Robert,,Ward E (councilmember James Solomon),40.72878,-74.04325,Entire home/apt,,3,7,2024-10-18,0.21,32,141,1,STR-004619-2024
694213879244906788,"160 ""1F"" Bright room minutes to Hoboken/NYC/WIFI",6958867,Gennadiy,,Ward D (councilmember Michael Yun),40.74994,-74.04841,Private room,,28,12,2025-09-16,0.45,35,167,7,
712883777259990994,Suite w/Magnificent City View Quiet High Floor,469883875,Zee,,Ward E (councilmember James Solomon),40.72255,-74.03381,Private room,,180,67,2023-08-26,1.82,2,0,0,
715499555720005248,NYC Skyline from Bed & Private Bath,469883875,Zee,,Ward E (councilmember James Solomon),40.7224,-74.03215,Private room,,180,67,2023-11-06,1.85,2,0,0,
723311179378800385,"°•1 Bedroom•°
8 mins walk-Train
20 mins -WTC
Best$",267939835,Kay,,Ward B (councilmember Mira Prinz-Arey),40.7294594,-74.0705393,Private room,,28,83,2025-02-09,2.28,3,0,26,
724486979887953737,Lovely Room in Jersey City for Longterm Stay,295287039,Mario,,Ward D (councilmember Michael Yun),40.746,-74.0495,Private room,,60,0,,,6,16,0,
727292712263745000,Stylish 2 BR - Quiet Street - Minutes to NYC,131819301,Loyda,,Ward B (councilmember Mira Prinz-Arey),40.72563,-74.07112,Entire home/apt,,28,70,2025-05-21,1.95,1,365,21,
733823367323972766,"Studio w/ patio, PATH train to NYC, laundry",368645108,Ryan,,Ward C (councilmember Richard Boggiano),40.72652,-74.05831,Entire home/apt,,28,53,2025-01-23,1.51,2,0,12,
741121731294980314,Entire Apartment 2 Bedroom / Office -NYC in 25min,364261771,Daniel,,Ward D (councilmember Michael Yun),40.74312,-74.04486,Entire home/apt,,28,52,2025-09-01,1.48,1,225,19,
755412717695433169,Bright & Clean 1bd Minutes Away from NYC,248335189,Patrick,,Ward E (councilmember James Solomon),40.72379,-74.04211,Private room,,28,19,2024-08-01,0.57,4,0,0,STR-003672-2025
785048552020441845,The Vibrant Downtown JC!,172557974,Julien,,Ward E (councilmember James Solomon),40.72771966589673,-74.0466114850125,Entire home/apt,,28,23,2024-09-09,0.69,1,0,0,
793021318343693869,Family-Friendly Stay with Kid’s Playroom,493418965,Devawne,,Ward B (councilmember Mira Prinz-Arey),40.71482,-74.08088,Entire home/apt,,28,114,2025-01-01,3.54,1,6,15,
795879268284011848,Private Luxury Apt/ NearNYC/,486516533,Nick,,Ward C (councilmember Richard Boggiano),40.72805,-74.06171,Entire home/apt,,1,27,2025-08-07,0.85,1,0,11,STR-000867-2025
797026150636937251,30% OFF Monthly Artistic Magic Staycation Near NYC,159910884,Yuqi,,Ward E (councilmember James Solomon),40.7275,-74.04986,Private room,,7,77,2025-08-31,2.72,1,0,48,STR-003275-2025
801470582146108298,1 bedroom Full Apartment/Near NYC/WIFI,6958867,Gennadiy,,Ward D (councilmember Michael Yun),40.74949,-74.04838,Entire home/apt,,28,4,2024-11-02,0.13,35,0,3,
806831646145737021,Furnished Studio apt in downtown jersey city .,104411192,Kris,,Ward E (councilmember James Solomon),40.72083,-74.04428,Entire home/apt,,45,0,,,1,0,0,
821599847954269165,Bright Spacious Home With Yard,6180324,Lydia,,Ward B (councilmember Mira Prinz-Arey),40.72926,-74.07269,Entire home/apt,,6,2,2024-07-06,0.08,1,0,0,STR-004671-2024
832133356585470782,Calm neighborhood easy accesss,224535543,Mahmut Emirhan,,Ward A (councilmember Denise Ridley),40.69662,-74.09762,Private room,,28,0,,,1,0,0,
837864084387332779,"JC Dreamin Room  lite rail, Restaurant, Cafe",536849530,Customer Service,,Ward B (councilmember Mira Prinz-Arey),40.71434,-74.08831,Private room,,1,75,2025-08-03,2.43,8,48,25,STR-000001-2025
844230959734931852,JC Canvas Condo - Close to NYC and PATH Station,20239406,Rob,,Ward C (councilmember Richard Boggiano),40.72473,-74.06305,Entire home/apt,,28,24,2024-04-21,0.89,1,0,0,
853638152876393760,Explore Liberty State Park! Stunning Views!,501999514,RoomPicks,,Ward E (councilmember James Solomon),40.72095,-74.03437,Hotel room,,28,4,2024-09-28,0.25,19,356,1,Exempt
853638732880042514,Family Fun at Liberty Science Center! w/ Kitchen!,501999514,RoomPicks,,Ward E (councilmember James Solomon),40.72095,-74.03437,Hotel room,,28,3,2025-06-29,0.28,19,356,3,Exempt
853639185161545946,Visit Statue of Liberty! Easy City Access!,501999514,RoomPicks,,Ward E (councilmember James Solomon),40.72095,-74.03437,Hotel room,,28,2,2024-05-21,0.11,19,356,0,Exempt
853643364839804604,Contemporary Living! Near Liberty Science Center!,501999514,RoomPicks,,Ward E (councilmember James Solomon),40.72174,-74.0348,Private room,,28,0,,,19,344,0,Exempt
853644015910009065,Stylish Suite! Parking Available! Enjoy City Views,501999514,RoomPicks,,Ward E (councilmember James Solomon),40.72095,-74.03437,Private room,,28,0,,,19,344,0,Exempt
853646181107758913,Elegant Suite! Near Hudson River Waterfront!,501999514,RoomPicks,,Ward E (councilmember James Solomon),40.72095,-74.03437,Private room,,28,6,2025-03-16,0.23,19,344,2,Exempt
912874112024824011,Genevieve’s comfort pad,519763222,Genevieve,,Ward B (councilmember Mira Prinz-Arey),40.72119989999999,-74.0847538,Entire home/apt,,28,18,2024-05-19,0.65,1,141,0,
920362041860055725,"Visit Statue of Liberty! 2 Units, Scenic Views",501999514,RoomPicks,,Ward E (councilmember James Solomon),40.72190300938341,-74.03400791914228,Hotel room,,28,3,2025-06-15,0.21,19,354,1,Exempt
920363719131661128,"Relax in Style! 3 Units, Breathtaking Views",501999514,RoomPicks,,Ward E (councilmember James Solomon),40.72095,-74.03437,Hotel room,,28,0,,,19,353,0,Exempt
920364687259901342,"4 Relaxing Units, Near J. Owen Grundy Park",501999514,RoomPicks,,Ward E (councilmember James Solomon),40.72188977641792,-74.03356707428959,Hotel room,,28,1,2024-07-13,0.07,19,352,0,Exempt
930940234769407751,"[Entire Place, 2BD] Modern apartment 25 min to NYC",12949423,Tom,,Ward E (councilmember James Solomon),40.72803,-74.0509,Entire home/apt,,28,1,2023-11-05,0.04,3,0,0,
935681059801050950,Ari’s place! Large Luxury Unit With Parking!,346724100,Ari,,Ward D (councilmember Michael Yun),40.7550466,-74.05472879999999,Entire home/apt,,28,57,2025-02-03,2.15,1,0,19,
951045364490291281,Private bedroom suite w/ adjacent bath near NYC,160638838,Arthur Lamonte,,Ward F (councilmember Jermaine D. Robinson),40.71037,-74.07223,Private room,,28,20,2025-02-19,0.91,1,0,10,
954490457714439638,H7- 20min ride to NYC,15625009,Alexander A,,Ward C (councilmember Richard Boggiano),40.74214,-74.04893,Private room,,30,3,2025-08-31,0.16,30,332,1,
963477422390021341,Spacious Room For Longterm Rent in JC! 30 Min T.SQ,274604030,Mario,,Ward D (councilmember Michael Yun),40.74697,-74.05042,Private room,,90,1,2024-06-30,0.07,18,1,0,
974607318327094384,Beautiful and cozy 2 bdrm apt. in Journal Square,15280721,Peter,,Ward C (councilmember Richard Boggiano),40.73016,-74.06908,Entire home/apt,,28,79,2025-04-21,3.22,1,172,27,
990627815089910189,"1 Bed, 1 Bath Jersey City Room",494993939,David,,Ward F (councilmember Jermaine D. Robinson),40.71237,-74.07309,Entire home/apt,,28,4,2024-05-30,0.18,1,0,0,
1003636371291846489,"Explore Liberty State Park! 2 Units, Stunning View",501999514,RoomPicks,,Ward E (councilmember James Solomon),40.72095,-74.03437,Hotel room,,28,1,2024-09-22,0.08,19,354,0,Exempt
1005159328962072435,"Visit Statue of Liberty! 3 Units, Scenic Views",501999514,RoomPicks,,Ward E (councilmember James Solomon),40.72095,-74.03437,Hotel room,,28,0,,,19,353,0,Exempt
1005705728660230604,"2 Min from PATH train to NYC, Ideal for Fmly/Group",15044828,Sam,,Ward C (councilmember Richard Boggiano),40.73297,-74.06749,Entire home/apt,,28,12,2024-06-03,0.54,5,0,0,
1012375953155087227,Luxury 2bed 2bath 10m from NYC w/ Parking,9631554,Jaime,,Ward C (councilmember Richard Boggiano),40.73031552154373,-74.05248625428803,Entire home/apt,,28,0,,,1,0,0,
1015249070782857838,Experience Ellis Island! 4 Spacious Units,501999514,RoomPicks,,Ward E (councilmember James Solomon),40.72095,-74.03437,Hotel room,,28,4,2025-07-26,0.28,19,352,3,Exempt
1026830535762843164,Private spacious room 20min NYC,546960419,Umesh,,Ward C (councilmember Richard Boggiano),40.73616,-74.05188,Private room,,28,11,2024-09-30,0.49,1,0,2,Exempt
1047393595489718413,Sunny & Spacious Oasis: Your Comfortable Getaway!,274604030,Mario,,Ward C (councilmember Richard Boggiano),40.74061947452435,-74.05021839629515,Entire home/apt,,28,1,2025-09-04,1.0,18,5,1,
1052188404369248440,Luxury Jersey City 2BR | near NYC | Work from home,95459395,Bluebird,,Ward E (councilmember James Solomon),40.724545,-74.03591,Entire home/apt,,28,2,2024-02-29,0.1,10,362,0,
1055599517160830990,Luxury condo on 29th floor.,4516891,Sven,,Ward E (councilmember James Solomon),40.7224862,-74.0367164,Entire home/apt,,28,1,2024-04-15,0.06,1,23,0,
1057409905051473696,Spacious & Bright Room near NYC - 1,103350160,Anand,,Ward C (councilmember Richard Boggiano),40.73839,-74.06029,Private room,,29,2,2025-08-09,0.51,6,92,2,
1065180224212544675,"Comfy Room A, 2 Min from PATH train to NYC",15044828,Sam,,Ward C (councilmember Richard Boggiano),40.73197,-74.06698,Private room,,28,2,2024-06-15,0.12,5,0,0,
1066147669389617089,Bright 3bdr - 25’ from Manhattan,13028191,Alice,,Ward C (councilmember Richard Boggiano),40.74283,-74.05327,Entire home/apt,,5,5,2025-07-20,0.33,1,6,2,STR-002608-2025
1076062014627272595,Pet-friendly Suite: Near Hudson River Waterfront!,501999514,RoomPicks,,Ward E (councilmember James Solomon),40.72095,-74.03437,Private room,,28,13,2025-08-02,0.66,19,344,3,Exempt
1076754312092901568,New and Luxury 2BD 2BA Gem in Hoboken 20min to NYC,529291676,Mateo,,Ward D (councilmember Michael Yun),40.7471413,-74.0465696,Entire home/apt,,1,73,2025-09-21,3.62,7,224,39,STR-045782-2025
1084113249441914851,Spacious three-bedroom apt near New York City - Co,93727916,Bruno,,Ward B (councilmember Mira Prinz-Arey),40.7169482,-74.09074369999999,Entire home/apt,,28,8,2024-11-11,0.41,8,347,2,
1085549925917598869,Zen-Charming 4bed3bath Entire Single Home in JC,20432864,Chul,,Ward A (councilmember Denise Ridley),40.70142,-74.07949,Entire home/apt,,29,44,2025-05-13,2.26,3,0,22,
1096612963738742432,"Luxe, Modern, and Spacious Condo Near NYC",563314515,Francis,,Ward B (councilmember Mira Prinz-Arey),40.71632,-74.08758,Entire home/apt,,28,30,2025-01-02,1.67,1,0,5,
1110400040896135191,Historic Hamilton Park - Legal.,566616398,Mustafa,,Ward E (councilmember James Solomon),40.7284956,-74.0447806,Entire home/apt,,3,47,2025-09-21,2.58,1,0,33,STR-003023-2025
1112585692816779126,Luxury condo in Jersey city 2bed/2bath,512125238,Adeline,,Ward F (councilmember Jermaine D. Robinson),40.71898,-74.06683,Entire home/apt,,28,1,2024-06-27,0.07,2,0,0,
1116167133508424265,Beautiful 1 Bd/1 Ba Mins to NYC!,319005137,Robert,,Ward E (councilmember James Solomon),40.72798,-74.04312,Entire home/apt,,3,6,2024-10-17,0.37,32,0,1,STR-004619-2024
1134855075833291883,"Clean, Cozy & Spacious Home Close to Manhattan, NY",310576501,Menuka,,Ward E (councilmember James Solomon),40.72453,-74.0376,Entire home/apt,,28,1,2024-05-12,0.06,1,0,0,
1158000061432353478,"Stop & GO for NYC, JC",267939835,Kay,,Ward C (councilmember Richard Boggiano),40.73059,-74.07169,Private room,,28,32,2025-03-04,2.09,3,0,21,
1160374001267084175,Apartment 20 minutes to NYC,311387825,Prince,,Ward F (councilmember Jermaine D. Robinson),40.71984,-74.07221,Entire home/apt,,28,3,2025-01-03,0.2,1,0,1,Exempt
1164739403365917720,Luxury King Bed Suite 5 beds No Cleaning Fee,14815477,Jenny,,Ward F (councilmember Jermaine D. Robinson),40.71154,-74.07478,Entire home/apt,,30,48,2025-03-08,3.04,1,0,29,
1181151827924318349,Homey Studio Apartment,565330416,Urby,,Ward C (councilmember Richard Boggiano),40.732041,-74.0596795,Entire home/apt,,28,3,2025-09-20,0.3,2,69,3,
1182874196530455554,Sunny and Spacious Room For Long-term Rent in JC!,274604030,Mario,,Ward D (councilmember Michael Yun),40.7581,-74.05194,Private room,,60,0,,,18,1,0,
1187605427426777224,1BR Apartment with NYC Views,565330416,Urby,,Ward C (councilmember Richard Boggiano),40.732041,-74.0596795,Entire home/apt,,28,0,,,2,39,0,
1190597125133119423,"Newly Built 1 Bed, 1Bath Jersey City Room",154192406,Abiola,,Ward F (councilmember Jermaine D. Robinson),40.71222,-74.07286,Private room,,28,3,2024-08-26,0.21,1,0,0,
1198550383578299861,Getaway Private Bed Near Trans/NYC/EWR,566737340,West Side,,Ward B (councilmember Mira Prinz-Arey),40.71716,-74.09047,Private room,,2,25,2025-08-29,2.09,11,11,25,STR-000001-2025
1199467295419238547,Getaway Private Bed close to NYC/EWR/Trans/Cafe,566737340,West Side,,Ward B (councilmember Mira Prinz-Arey),40.71585,-74.08878,Private room,,3,18,2025-08-29,1.24,11,11,16,STR-000002-2025
1206500335822460685,Large Private Apt in safest/cleanest part of NYC,32305156,Kamrouz,,Ward E (councilmember James Solomon),40.73117,-74.0353,Entire home/apt,,28,0,,,1,0,0,
1210112876945515177,Newly renovated 1bed/great area,11606215,Sonia,,Ward D (councilmember Michael Yun),40.74681,-74.0438,Entire home/apt,,29,1,2025-02-10,0.13,3,0,1,
1215324506224683823,Sunny Apartment with Office - 25 Mins to NYC,38493717,Monica,,Ward C (councilmember Richard Boggiano),40.73251,-74.07209,Entire home/apt,,28,14,2024-12-27,1.06,6,0,12,
1221178160773102417,Gaby’s Place 1,140526192,Geyby,,Ward B (councilmember Mira Prinz-Arey),40.71832,-74.07937,Private room,,28,2,2024-10-29,0.18,3,0,2,
1222647795396559430,Oversized Grove St Duplex 1B Apartment,24826054,Weiyi,,Ward E (councilmember James Solomon),40.71769,-74.04305,Entire home/apt,,28,0,,,1,0,0,
1247629016985758305,Stylish 1 Bedroom in Downtown Jersey City,651471990,Algane,,Ward E (councilmember James Solomon),40.71557,-74.04515,Entire home/apt,,28,3,2025-08-30,1.34,2,292,3,HL-001162-2025
1247878172900992357,"Entire Apt 15 mins To NYC,10 Sleepers",650809746,Hany,,Ward A (councilmember Denise Ridley),40.7023884,-74.0853274,Entire home/apt,,2,13,2025-09-22,1.12,1,0,13,str-006193-2024
1248483238943801973,Amazing Furnished APT near JSQ !,37613139,Gina,,Ward B (councilmember Mira Prinz-Arey),40.72629428377067,-74.07191399611006,Entire home/apt,,28,20,2025-09-20,1.95,1,32,20,Exempt
1251639041495715769,Luxury 1BR BSMNT suite w/ Backyard! Parking nearby,568599968,Neruban,,Ward B (councilmember Mira Prinz-Arey),40.71326755576882,-74.08714041598641,Entire home/apt,,28,5,2025-01-03,0.51,4,249,5,Exempt
1264931462560238302,Suite#2A -Quite & Peaceful,535892414,Noor,,Ward F (councilmember Jermaine D. Robinson),40.7114102158446,-74.07215508853135,Private room,,28,1,2025-07-05,0.36,13,365,1,
1269533714701550911,Urban Essence,49717214,Massiel,,Ward B (councilmember Mira Prinz-Arey),40.72457,-74.07652,Entire home/apt,,1,19,2025-08-25,1.78,1,1,19,STR-002760-2024
1278299346091104483,@ Comfy 2 Bedroom Steps from Train to NYC @,658438852,Huijun,,Ward C (councilmember Richard Boggiano),40.72950297090455,-74.06017356386364,Entire home/apt,,2,2,2024-12-26,0.19,1,0,2,STR-001010-2024
1284326381055721878,Stylish 1BR/1BA - Close to NYC!,319005137,Robert,,Ward E (councilmember James Solomon),40.729079838744006,-74.0442720230353,Entire home/apt,,3,0,,,32,141,0,STR-004619-2024
1288503099213299937,Master bedroom and amazing views,187149227,Nikhil,,Ward E (councilmember James Solomon),40.73026946998738,-74.0313140827153,Private room,,29,0,,,1,0,0,
1292140282049760058,3b2b for Music Lovers,106885542,Yusyuan,,Ward D (councilmember Michael Yun),40.74936,-74.04933,Entire home/apt,,3,0,,,1,0,0,STR-233455-2024
1295139393591112829,Luxury apt near Manhattan,9837286,Soman Kailas,,Ward E (councilmember James Solomon),40.72232569239518,-74.03967229897262,Entire home/apt,,30,0,,,1,0,0,
1295695811289822939,"Jersey City, Apt Pal-2R, 30min to NYC",424000645,Lam,,Ward D (councilmember Michael Yun),40.7418594,-74.04595359999999,Entire home/apt,,32,1,2025-01-28,0.12,5,0,1,
1297295424142704254,The Diega - Luxury Industrial Loft near NYC,441260321,World Class,,Ward E (councilmember James Solomon),40.719573717460285,-74.03736103019803,Entire home/apt,,60,0,,,4,259,0,STR-632663-2025
1299189410134278096,Gorg 2 BD/ 2 BA- Minutes to NYC!,319005137,Robert,,Ward E (councilmember James Solomon),40.72547,-74.04633,Entire home/apt,,3,0,,,32,0,0,STR-004619-2024
1309416643790704069,"Blueground | Jersey City, EV charging, nr park",107434423,Blueground,,Ward E (councilmember James Solomon),40.7215183,-74.0398348,Entire home/apt,,31,1,2025-05-31,0.25,16,0,1,
1313191847632795336,"""28+ Day Stay: Work & Relax with Ease - Near NYC""",419428314,Josue,,Ward D (councilmember Michael Yun),40.75990640163599,-74.05188380528297,Entire home/apt,,28,0,,,2,34,0,
1343507038585774748,Cozy Room w/ Office Space,29003072,Raja,,Ward D (councilmember Michael Yun),40.74953149030485,-74.05370071193767,Private room,,4,0,,,2,0,0,STR-004351-2024
1371854066322293538,Journal Square room - 2 blocks away! Room A,215597619,Capri,,Ward C (councilmember Richard Boggiano),40.731489,-74.0691855,Private room,,29,0,,,3,59,0,
1372774400297615453,Journal Sqaure room - 2 blocks away! Room B,215597619,Capri,,Ward C (councilmember Richard Boggiano),40.731489,-74.0691855,Private room,,29,0,,,3,167,0,
1399995424792253099,Private Room in the Heights-Easy access to NYC,183350093,Tommy,,Ward D (councilmember Michael Yun),40.74314512302024,-74.04507944372561,Private room,,1,9,2025-08-28,1.68,11,139,9,STR-202650-2025
1401551728095549557,Ideal Location for Extended Stays in Jersey City!,501999514,RoomPicks,,Ward E (councilmember James Solomon),40.72095,-74.03437,Private room,,28,0,,,19,352,0,Exempt
1401552028214238610,"Modern Unit with Full Kitchen, Pet-friendly!",501999514,RoomPicks,,Ward E (councilmember James Solomon),40.72095,-74.03437,Private room,,28,0,,,19,352,0,Exempt
1401557214947321744,"Home-Like Atmosphere! Full Kitchen, Pets Allowed!",501999514,RoomPicks,,Ward E (councilmember James Solomon),40.72095,-74.03437,Private room,,28,0,,,19,358,0,Exempt
1401564009510751177,Easy Access to Local Attractions! w/ Full Kitchen!,501999514,RoomPicks,,Ward E (councilmember James Solomon),40.72095,-74.03437,Private room,,28,0,,,19,358,0,Exempt
1401567460122125137,"Homelike Staycation with Full Kitchen, Parking!",501999514,RoomPicks,,Ward E (councilmember James Solomon),40.72017,-74.03498,Private room,,28,1,2025-07-25,0.48,19,352,1,Exempt
1401567460306817804,Indulge in NYC Views! Pet-friendly Property!,501999514,RoomPicks,,Ward E (councilmember James Solomon),40.72122,-74.03336,Private room,,28,0,,,19,352,0,Exempt
1411071225989316273,Apt Studio in Booming JC!,319005137,Robert,,Ward E (councilmember James Solomon),40.72713766685274,-74.0461256247985,Entire home/apt,,3,2,2025-09-07,0.48,32,0,2,STR-004619-2024
1421479681415592517,Old World Charm with City Ease,38122112,Darcy,,Ward F (councilmember Jermaine D. Robinson),40.72238515400154,-74.07102913185678,Entire home/apt,,180,0,,,1,152,0,
1428975945337448805,Peaceful Family Stay –Spacious & Serene +Parking,20432864,Chul,,Ward F (councilmember Jermaine D. Robinson),40.7207129982918,-74.06874413190491,Entire home/apt,,29,0,,,3,16,0,
1434306808197916178,Sophisticated Share - NYC in 20,428469703,Jacqueline,,Ward D (councilmember Michael Yun),40.74919168666263,-74.05240876179589,Private room,,28,1,2025-07-07,0.37,2,0,1,Exempt
1440034346229920383,V22 15 mins ride to NYC,15625009,Alexander A,,Ward C (councilmember Richard Boggiano),40.72827,-74.0681,Private room,,30,0,,,30,338,0,
1440610433911738074,Modern 6BR Oasis | 20 mins to NYC | Sleeps 18,670405055,Luke,,Ward D (councilmember Michael Yun),40.75328224540736,-74.04768049148731,Entire home/apt,,1,14,2025-09-07,4.12,5,323,14,STR-000646-2025
1443493979604060921,Pool table home-near NYC,671724611,Sarah,,Ward B (councilmember Mira Prinz-Arey),40.73343,-74.07427,Entire home/apt,,1,2,2025-09-06,2.0,2,0,2,STR-100458-2025
1467556088654578914,Room 5 mins from Path Station,307694959,Karina,,Ward C (councilmember Richard Boggiano),40.72973,-74.06555,Private room,,29,0,,,5,283,0,
